ACCIDENT_DATE,ACCIDENT_TIME,ALCOHOLTIME,ACCIDENT_TYPE,DCA_CODE,HIT_RUN_FLAG,LIGHT_CONDITION,POLICE_ATTEND,ROAD_GEOMETRY,SEVERITY,SPEED_ZONE,LONGITUDE,LATITUDE,LGA_NAME,REGION_NAME,TOTAL_PERSONS,INJ_OR_FATAL,FATALITY,SERIOUSINJURY,OTHERINJURY,NONINJURED,MALES,FEMALES,BICYCLIST,PASSENGER,DRIVER,PEDESTRIAN,PILLION,MOTORIST,UNKNOWN,PED_CYCLIST_5_12,PED_CYCLIST_13_18,OLD_PEDESTRIAN,OLD_DRIVER,YOUNG_DRIVER,ALCOHOL_RELATED,UNLICENCSED,NO_OF_VEHICLES,HEAVYVEHICLE,PASSENGERVEHICLE,MOTORCYCLE,PUBLICVEHICLE,DEG_URBAN_NAME
27/12/2014,14.20.00,Yes,Collision with vehicle,CROSS TRAFFIC(INTERSECTIONS ONLY),No,Day,Yes,Cross intersection,Other injury accident,50 km/hr,144.75124,-36.13456,CAMPASPE,NORTHERN REGION,3,1,0,0,1,2,2,1,0,1,2,0,0,0,0,0,0,0,1,0,No,0,2,0,2,0,0,Small Provincial Cities
30/12/2014,12.00.00,No,Collision with vehicle,REAR END(VEHICLES IN SAME LANE),No,Day,Yes,Not at intersection,Other injury accident,80 km/hr,144.7438,-36.12069,CAMPASPE,NORTHERN REGION,2,1,0,0,1,1,0,2,0,0,2,0,0,0,0,0,0,0,0,0,No,0,2,0,2,0,0,Small Provincial Cities
1/01/2015,04.00.00,Yes,Struck Pedestrian,ANY MANOEUVRE INVOLVING PED NOT INCLUDED IN DCAs 100-108.,Yes,Dark No street lights,Yes,Not at intersection,Serious injury accident,50 km/hr,144.50273,-35.97159,CAMPASPE,NORTHERN REGION,2,1,0,1,0,1,2,0,0,0,1,1,0,0,0,0,0,0,0,1,No,0,1,0,1,0,0,Country
6/01/2015,12.30.00,No,Other accident,OTHER ACCIDENTS NOT CLASSIFIABLE ELSEWHERE,No,Day,No,Not at intersection,Other injury accident,100 km/hr,144.51124,-35.98852,CAMPASPE,NORTHERN REGION,4,1,0,0,1,3,2,2,0,2,2,0,0,0,0,0,0,0,0,0,No,0,2,0,2,0,0,Country
11/01/2015,05.55.00,Yes,Collision with a fixed object,RIGHT OFF CARRIAGEWAY INTO OBJECT/PARKED VEHICLE,No,Dusk/Dawn,Yes,Not at intersection,Serious injury accident,100 km/hr,145.00557,-36.25485,CAMPASPE,NORTHERN REGION,1,1,0,1,0,0,1,0,0,0,1,0,0,0,0,0,0,0,0,0,Yes,0,1,0,1,0,0,Country
12/01/2015,17.05.00,No,Collision with vehicle,RIGHT FAR (INTERSECTIONS ONLY),No,Day,Yes,T intersection,Serious injury accident,70 km/hr,144.75542,-36.14052,CAMPASPE,NORTHERN REGION,2,1,0,1,0,1,2,0,0,0,2,0,0,0,0,0,0,0,0,1,No,0,2,0,2,0,0,Small Provincial Cities
14/01/2015,16.10.00,No,Collision with vehicle,RIGHT NEAR (INTERSECTIONS ONLY),No,Day,Yes,T intersection,Other injury accident,80 km/hr,144.72832,-36.12911,CAMPASPE,NORTHERN REGION,3,2,0,0,2,1,1,2,0,1,2,0,0,0,0,0,0,0,0,1,No,0,2,0,2,0,0,Small Provincial Cities
23/01/2015,12.20.00,No,Collision with a fixed object,LEFT OFF CARRIAGEWAY INTO OBJECT/PARKED VEHICLE,No,Day,Yes,Not at intersection,Serious injury accident,60 km/hr,144.8491,-36.18154,CAMPASPE,NORTHERN REGION,1,1,0,1,0,0,0,1,0,0,1,0,0,0,0,0,0,0,0,0,No,0,1,0,1,0,0,Country
1/02/2015,02.00.00,Yes,Collision with a fixed object,LEFT OFF CARRIAGEWAY INTO OBJECT/PARKED VEHICLE,No,Dark No street lights,Yes,Not at intersection,Serious injury accident,80 km/hr,145.12962,-36.31349,CAMPASPE,NORTHERN REGION,2,2,0,1,1,0,1,1,0,1,1,0,0,0,0,0,0,0,0,0,Yes,0,1,0,1,0,0,Country
11/02/2015,09.10.00,No,Struck Pedestrian,FAR SIDE. PED HIT BY VEHICLE FROM THE LEFT,No,Day,No,T intersection,Serious injury accident,70 km/hr,144.74814,-36.14052,CAMPASPE,NORTHERN REGION,2,1,0,1,0,1,2,0,0,0,1,1,0,0,0,0,0,0,0,0,No,0,1,0,1,0,0,Small Provincial Cities
20/02/2015,16.30.00,Yes,Collision with vehicle,REAR END(VEHICLES IN SAME LANE),No,Day,Yes,Not at intersection,Serious injury accident,50 km/hr,144.74627,-36.12117,CAMPASPE,NORTHERN REGION,3,1,0,1,0,2,1,2,0,1,2,0,0,0,0,0,0,0,0,1,No,0,2,0,2,0,0,Small Provincial Cities
25/02/2015,10.10.00,No,Collision with vehicle,VEHICLE STRIKES ANOTHER VEH WHILE EMERGING FROM DRIVEWAY,No,Day,Yes,Not at intersection,Serious injury accident,100 km/hr,144.43871,-36.35245,CAMPASPE,NORTHERN REGION,2,1,0,1,0,1,2,0,0,0,2,0,0,0,0,0,0,0,0,0,No,0,2,0,1,0,0,Country
26/02/2015,16.00.00,No,Collision with vehicle,CROSS TRAFFIC(INTERSECTIONS ONLY),No,Day,Yes,Cross intersection,Serious injury accident,100 km/hr,145.06781,-36.32844,CAMPASPE,NORTHERN REGION,2,2,0,1,1,0,1,1,0,0,2,0,0,0,0,0,0,0,0,1,No,0,2,0,2,0,0,Other Towns
13/03/2015,12.30.00,No,No collision and no object struck,OFF CARRIAGEWAY TO LEFT,No,Day,Yes,Not at intersection,Serious injury accident,100 km/hr,144.62433,-36.5148,CAMPASPE,NORTHERN REGION,2,1,0,1,0,1,0,2,0,1,1,0,0,0,0,0,0,0,0,0,No,0,1,0,1,0,0,Country
17/03/2015,15.55.00,No,Collision with a fixed object,LEFT OFF CARRIAGEWAY INTO OBJECT/PARKED VEHICLE,No,Day,Yes,Not at intersection,Other injury accident,100 km/hr,144.54048,-36.03656,CAMPASPE,NORTHERN REGION,1,1,0,0,1,0,0,1,0,0,1,0,0,0,0,0,0,0,0,1,No,0,1,0,1,0,0,Country
23/03/2015,13.30.00,No,Collision with vehicle,U TURN,No,Day,Yes,Not at intersection,Other injury accident,50 km/hr,144.76086,-36.13759,CAMPASPE,NORTHERN REGION,2,1,0,0,1,1,1,1,0,0,2,0,0,0,0,0,0,0,0,0,No,0,2,0,2,0,0,Small Provincial Cities
25/03/2015,12.00.00,No,Collision with vehicle,REAR END(VEHICLES IN SAME LANE),No,Day,No,Cross intersection,Other injury accident,60 km/hr,144.75226,-36.12499,CAMPASPE,NORTHERN REGION,2,1,0,0,1,1,0,1,0,0,1,0,0,0,1,0,0,0,0,0,No,0,2,0,1,0,0,Small Provincial Cities
30/03/2015,01.10.00,Yes,Collision with a fixed object,LEFT OFF CARRIAGEWAY INTO OBJECT/PARKED VEHICLE,No,Dark No street lights,Yes,Not at intersection,Serious injury accident,100 km/hr,144.68109,-36.717,CAMPASPE,NORTHERN REGION,1,1,0,1,0,0,0,1,0,0,1,0,0,0,0,0,0,0,0,1,No,0,1,0,1,0,0,Country
30/03/2015,08.55.00,No,Vehicle overturned (no collision),OFF CARRIAGEWAY TO RIGHT,No,Day,Yes,Not at intersection,Other injury accident,100 km/hr,144.70142,-36.48575,CAMPASPE,NORTHERN REGION,1,1,0,0,1,0,1,0,0,0,1,0,0,0,0,0,0,0,0,1,No,0,1,0,1,0,0,Country
30/03/2015,14.45.00,No,Collision with vehicle,CROSS TRAFFIC(INTERSECTIONS ONLY),No,Day,Yes,Cross intersection,Other injury accident,50 km/hr,144.75599,-36.13395,CAMPASPE,NORTHERN REGION,4,2,0,0,2,2,1,3,0,2,2,0,0,0,0,0,0,0,0,0,No,0,2,0,2,0,0,Small Provincial Cities
4/04/2015,12.00.00,No,Collision with vehicle,REAR END(VEHICLES IN SAME LANE),Yes,Day,No,T intersection,Serious injury accident,60 km/hr,144.74871,-36.13074,CAMPASPE,NORTHERN REGION,2,1,0,1,0,1,1,0,1,0,0,0,0,0,1,0,0,0,0,0,No,0,2,0,0,0,0,Small Provincial Cities
9/04/2015,08.20.00,No,Collision with a fixed object,LEFT OFF CARRIAGEWAY INTO OBJECT/PARKED VEHICLE,No,Day,Yes,Not at intersection,Serious injury accident,100 km/hr,144.70051,-36.39942,CAMPASPE,NORTHERN REGION,1,1,0,1,0,0,1,0,0,0,1,0,0,0,0,0,0,0,0,0,No,0,1,0,1,0,0,Country
11/04/2015,14.10.00,Yes,Collision with a fixed object,LEFT OFF CARRIAGEWAY INTO OBJECT/PARKED VEHICLE,No,Day,No,Not at intersection,Other injury accident,100 km/hr,144.39847,-35.92437,CAMPASPE,NORTHERN REGION,5,1,0,0,1,4,3,2,0,4,1,0,0,0,0,0,0,0,0,0,No,0,1,0,1,0,0,Country
11/04/2015,18.20.00,Yes,Collision with vehicle,CROSS TRAFFIC(INTERSECTIONS ONLY),No,Dark Street lights on,Yes,Cross intersection,Other injury accident,50 km/hr,145.04075,-36.31461,CAMPASPE,NORTHERN REGION,3,2,0,0,2,1,2,1,0,1,2,0,0,0,0,0,0,0,1,1,No,0,2,0,2,0,0,Other Towns
16/04/2015,14.45.00,No,Collision with a fixed object,RIGHT OFF CARRIAGEWAY INTO OBJECT/PARKED VEHICLE,No,Day,Yes,Not at intersection,Serious injury accident,100 km/hr,144.95413,-36.63093,CAMPASPE,NORTHERN REGION,1,1,0,1,0,0,1,0,0,0,1,0,0,0,0,0,0,0,0,0,Yes,1,1,0,1,0,0,Country
17/04/2015,12.30.00,No,Collision with vehicle,U TURN,No,Day,No,Not at intersection,Other injury accident,60 km/hr,145.03415,-36.30793,CAMPASPE,NORTHERN REGION,2,1,0,0,1,1,2,0,0,0,2,0,0,0,0,0,0,0,0,1,No,0,2,0,2,0,0,Other Towns
19/04/2015,14.45.00,No,Collision with a fixed object,LEFT OFF CARRIAGEWAY INTO OBJECT/PARKED VEHICLE,No,Day,Yes,Not at intersection,Serious injury accident,Not known,144.44572,-35.93509,CAMPASPE,NORTHERN REGION,1,1,0,1,0,0,1,0,0,0,0,0,0,1,0,0,0,0,0,0,No,0,1,0,0,1,0,Country
21/04/2015,21.15.00,Yes,Collision with vehicle,RIGHT THROUGH,No,Dark No street lights,Yes,Not at intersection,Serious injury accident,100 km/hr,144.53013,-36.38645,CAMPASPE,NORTHERN REGION,2,1,0,1,0,1,2,0,0,0,2,0,0,0,0,0,0,0,0,0,Yes,0,2,0,1,0,0,Country
1/05/2015,06.05.00,No,Collision with vehicle,RIGHT THROUGH,No,Dark Street lights on,No,Not at intersection,Other injury accident,50 km/hr,144.70016,-36.36077,CAMPASPE,NORTHERN REGION,2,1,0,0,1,1,2,0,0,0,1,0,0,0,1,0,0,0,0,0,No,0,2,1,0,1,0,Other Towns
1/05/2015,23.30.00,Yes,No collision and no object struck,OTHER ACCIDENTS NOT CLASSIFIABLE ELSEWHERE,No,Dark No street lights,No,Not at intersection,Serious injury accident,100 km/hr,144.64646,-36.37049,CAMPASPE,NORTHERN REGION,1,1,0,0,1,0,1,0,0,0,1,0,0,0,0,0,0,0,0,0,No,0,1,0,1,0,0,Country
2/05/2015,14.30.00,Yes,Collision with vehicle,CROSS TRAFFIC(INTERSECTIONS ONLY),No,Day,Yes,Not at intersection,Serious injury accident,100 km/hr,145.10362,-36.2113,CAMPASPE,NORTHERN REGION,5,5,0,4,1,0,3,2,0,3,2,0,0,0,0,0,0,0,0,0,No,0,2,0,2,0,0,Country
11/05/2015,01.00.00,Yes,Collision with a fixed object,OFF END OF ROAD/T-INTERSECTION.,No,Dark No street lights,Yes,Dead end,Serious injury accident,100 km/hr,144.5981,-36.04416,CAMPASPE,NORTHERN REGION,1,1,0,1,0,0,1,0,0,0,1,0,0,0,0,0,0,0,0,0,No,0,1,0,1,0,0,Country
11/05/2015,15.20.00,No,Collision with vehicle,RIGHT THROUGH,Yes,Day,Yes,Cross intersection,Other injury accident,40 km/hr,144.76177,-36.13344,CAMPASPE,NORTHERN REGION,4,3,0,0,3,1,1,2,0,1,2,0,0,0,1,0,0,0,0,0,No,0,2,0,2,0,0,Small Provincial Cities
13/05/2015,08.05.00,No,Collision with vehicle,RIGHT THROUGH,No,Day,Yes,Cross intersection,Serious injury accident,100 km/hr,144.8139,-36.35761,CAMPASPE,NORTHERN REGION,2,2,0,2,0,0,1,1,0,0,2,0,0,0,0,0,0,0,0,2,No,0,2,0,2,0,0,Country
14/05/2015,13.15.00,No,Collision with vehicle,REAR END(VEHICLES IN SAME LANE),No,Day,Yes,T intersection,Other injury accident,60 km/hr,144.72966,-36.1409,CAMPASPE,NORTHERN REGION,3,1,0,0,1,2,2,1,0,0,3,0,0,0,0,0,0,0,0,0,No,0,3,0,3,0,0,Small Provincial Cities
14/05/2015,18.30.00,Yes,Collision with vehicle,RIGHT REAR.,No,Dark Street lights on,Yes,Cross intersection,Fatal accident,100 km/hr,144.94821,-36.19897,CAMPASPE,NORTHERN REGION,3,2,1,1,0,1,2,1,0,1,2,0,0,0,0,0,0,0,1,0,No,0,2,1,1,0,0,Country
14/05/2015,19.00.00,Yes,Vehicle overturned (no collision),OFF CARRIAGEWAY TO LEFT,No,Dark No street lights,No,Not at intersection,Other injury accident,100 km/hr,144.53472,-36.18743,CAMPASPE,NORTHERN REGION,1,1,0,0,1,0,0,1,0,0,1,0,0,0,0,0,0,0,0,1,No,0,1,0,1,0,0,Country
17/05/2015,16.10.00,Yes,Collision with a fixed object,LEFT OFF CARRIAGEWAY INTO OBJECT/PARKED VEHICLE,No,Dusk/Dawn,Yes,Not at intersection,Other injury accident,100 km/hr,144.68843,-36.7397,CAMPASPE,NORTHERN REGION,1,1,0,0,1,0,1,0,0,0,1,0,0,0,0,0,0,0,0,0,No,0,1,0,1,0,0,Country
18/05/2015,18.25.00,Yes,Collision with a fixed object,OFF END OF ROAD/T-INTERSECTION.,No,Dusk/Dawn,No,T intersection,Other injury accident,60 km/hr,144.63345,-36.48627,CAMPASPE,NORTHERN REGION,1,1,0,0,1,0,1,0,0,0,1,0,0,0,0,0,0,0,0,0,No,0,1,0,1,0,0,Country
28/05/2015,08.30.00,No,Collision with vehicle,CROSS TRAFFIC(INTERSECTIONS ONLY),No,Day,Yes,Cross intersection,Other injury accident,50 km/hr,144.75379,-36.12783,CAMPASPE,NORTHERN REGION,5,1,0,0,1,4,2,3,0,3,2,0,0,0,0,0,0,0,0,1,No,0,2,0,2,0,0,Small Provincial Cities
30/05/2015,15.30.00,Yes,No collision and no object struck,OFF CARRIAGEWAY TO LEFT,No,Day,No,Not at intersection,Other injury accident,Not known,144.44598,-35.93531,CAMPASPE,NORTHERN REGION,1,1,0,0,1,0,1,0,0,0,0,0,0,1,0,0,0,0,0,0,No,0,1,0,0,1,0,Country
30/05/2015,17.45.00,Yes,Collision with vehicle,RIGHT THROUGH,No,Dark Street lights on,Yes,Not at intersection,Serious injury accident,70 km/hr,144.73056,-36.14917,CAMPASPE,NORTHERN REGION,2,1,0,1,0,1,0,2,0,0,1,0,0,1,0,0,0,0,0,0,No,0,2,0,1,1,0,Small Provincial Cities
6/06/2015,09.15.00,No,Struck Pedestrian,PED STRUCK WALKING TO/FROM OR BOARDING/ALIGHTING VEHICLE.,No,Day,No,Not at intersection,Other injury accident,50 km/hr,144.74953,-36.1242,CAMPASPE,NORTHERN REGION,3,1,0,0,1,2,2,1,0,1,1,1,0,0,0,0,0,0,0,0,No,0,1,0,1,0,0,Small Provincial Cities
6/06/2015,16.30.00,Yes,Collision with a fixed object,OFF RIGHT BEND INTO OBJECT/PARKED VEHICLE,No,Dusk/Dawn,No,Not at intersection,Other injury accident,Not known,145.13131,-36.66036,CAMPASPE,NORTHERN REGION,2,1,0,0,1,1,1,0,0,0,0,0,0,2,0,0,0,0,0,0,No,0,2,0,0,2,0,Country
9/06/2015,06.45.00,No,Collision with vehicle,RIGHT NEAR (INTERSECTIONS ONLY),No,Dark No street lights,Yes,Multiple intersection,Serious injury accident,80 km/hr,144.72673,-36.12955,CAMPASPE,NORTHERN REGION,2,2,0,1,1,0,2,0,0,0,2,0,0,0,0,0,0,0,0,1,No,0,2,1,1,0,0,Small Provincial Cities
13/06/2015,15.26.00,Yes,Collision with a fixed object,LEFT OFF CARRIAGEWAY INTO OBJECT/PARKED VEHICLE,No,Day,Yes,Not at intersection,Other injury accident,100 km/hr,144.7307,-36.16673,CAMPASPE,NORTHERN REGION,1,1,0,0,1,0,1,0,0,0,1,0,0,0,0,0,0,0,0,0,No,0,1,0,1,0,0,Country
19/06/2015,13.10.00,No,Collision with vehicle,U TURN,No,Day,Yes,Not at intersection,Other injury accident,90 km/hr,144.77422,-36.14338,CAMPASPE,NORTHERN REGION,3,1,0,0,1,2,1,2,0,1,2,0,0,0,0,0,0,0,0,0,No,0,2,0,2,0,0,Small Provincial Cities
19/06/2015,15.30.00,No,Vehicle overturned (no collision),OUT OF CONTROL ON CARRIAGEWAY (ON STRAIGHT),No,Day,No,Not at intersection,Serious injury accident,Not known,144.48779,-35.96534,CAMPASPE,NORTHERN REGION,1,1,0,1,0,0,1,0,0,0,0,0,0,1,0,0,0,0,0,0,No,0,1,0,0,1,0,Country
23/06/2015,12.30.00,No,Vehicle overturned (no collision),OFF CARRIAGEWAY TO LEFT,No,Day,Yes,Not at intersection,Other injury accident,100 km/hr,145.11443,-36.60057,CAMPASPE,NORTHERN REGION,1,1,0,0,1,0,0,1,0,0,1,0,0,0,0,0,0,0,0,1,No,0,1,0,1,0,0,Country
24/06/2015,18.15.00,Yes,Collision with vehicle,CROSS TRAFFIC(INTERSECTIONS ONLY),No,Dark No street lights,Yes,Cross intersection,Other injury accident,100 km/hr,145.0495,-36.25462,CAMPASPE,NORTHERN REGION,4,3,0,0,3,1,2,2,0,0,2,0,0,0,2,0,0,0,0,0,No,0,2,0,2,0,0,Country
5/07/2015,11.05.00,No,Vehicle overturned (no collision),OFF CARRIAGEWAY ON LEFT BEND,No,Day,Yes,Not at intersection,Other injury accident,60 km/hr,144.75473,-36.15159,CAMPASPE,NORTHERN REGION,1,1,0,0,1,0,1,0,0,0,1,0,0,0,0,0,0,0,0,1,No,0,1,0,1,0,0,Country
8/07/2015,11.35.00,No,Collision with vehicle,HEAD ON (NOT OVERTAKING),No,Day,Yes,Not at intersection,Other injury accident,100 km/hr,144.70696,-36.26501,CAMPASPE,NORTHERN REGION,3,2,0,0,2,1,3,0,0,1,2,0,0,0,0,0,0,0,0,0,No,1,2,1,1,0,0,Country
14/07/2015,15.00.00,No,Collision with vehicle,CROSS TRAFFIC(INTERSECTIONS ONLY),No,Unk.,No,Cross intersection,Other injury accident,50 km/hr,145.04074,-36.31353,CAMPASPE,NORTHERN REGION,3,1,0,0,1,2,2,1,0,1,2,0,0,0,0,0,0,0,0,2,No,0,2,0,2,0,0,Other Towns
20/07/2015,14.20.00,No,Collision with vehicle,PULLING OUT (OVERTAKING),No,Day,Yes,Cross intersection,Serious injury accident,100 km/hr,144.94988,-36.35536,CAMPASPE,NORTHERN REGION,2,2,0,1,1,0,2,0,0,0,2,0,0,0,0,0,0,0,1,0,No,0,2,1,0,0,0,Country
22/07/2015,18.45.00,Yes,Struck animal,STRUCK ANIMAL,No,Dark No street lights,Yes,Not at intersection,Other injury accident,100 km/hr,144.93297,-36.29873,CAMPASPE,NORTHERN REGION,2,1,0,0,1,1,2,0,0,0,2,0,0,0,0,0,0,0,0,1,No,0,2,0,2,0,0,Country
1/08/2015,18.00.00,Yes,Collision with vehicle,REAR END(VEHICLES IN SAME LANE),No,Dark No street lights,Yes,Not at intersection,Other injury accident,100 km/hr,144.69195,-36.76108,CAMPASPE,NORTHERN REGION,5,1,0,0,1,4,3,2,0,3,2,0,0,0,0,0,0,0,0,0,No,0,2,0,2,0,0,Country
2/08/2015,11.40.00,No,Collision with vehicle,PULLING OUT (OVERTAKING),No,Day,Yes,Not at intersection,Other injury accident,100 km/hr,145.09301,-36.31349,CAMPASPE,NORTHERN REGION,2,1,0,0,1,1,0,2,0,0,2,0,0,0,0,0,0,0,0,1,No,0,2,0,2,0,0,Country
2/08/2015,16.15.00,Yes,No collision and no object struck,OFF CARRIAGEWAY TO LEFT,No,Day,Yes,Not at intersection,Other injury accident,100 km/hr,144.66332,-36.59839,CAMPASPE,NORTHERN REGION,1,1,0,0,1,0,1,0,0,0,1,0,0,0,0,0,0,0,0,0,No,0,1,0,1,0,0,Country
21/08/2015,17.45.00,Yes,Struck animal,STRUCK ANIMAL,No,Dusk/Dawn,No,T intersection,Other injury accident,100 km/hr,144.97552,-36.57973,CAMPASPE,NORTHERN REGION,3,1,0,0,1,2,1,2,0,2,1,0,0,0,0,0,0,0,0,0,No,0,1,0,1,0,0,Country
26/08/2015,15.05.00,No,Collision with a fixed object,RIGHT OFF CARRIAGEWAY INTO OBJECT/PARKED VEHICLE,No,Day,Yes,Not at intersection,Other injury accident,100 km/hr,144.62968,-36.1911,CAMPASPE,NORTHERN REGION,1,1,0,0,1,0,0,1,0,0,1,0,0,0,0,0,0,0,0,0,No,0,1,0,1,0,0,Country
27/08/2015,16.00.00,No,Vehicle overturned (no collision),OUT OF CONTROL ON CARRIAGEWAY (ON STRAIGHT),No,Day,Yes,Cross intersection,Other injury accident,50 km/hr,144.70302,-36.36007,CAMPASPE,NORTHERN REGION,1,1,0,0,1,0,1,0,0,0,0,0,0,1,0,0,0,0,0,0,No,0,1,0,0,1,0,Other Towns
4/09/2015,12.45.00,No,Collision with a fixed object,RIGHT OFF CARRIAGEWAY INTO OBJECT/PARKED VEHICLE,No,Day,Yes,Not at intersection,Fatal accident,100 km/hr,144.81293,-36.12285,CAMPASPE,NORTHERN REGION,1,1,1,0,0,0,1,0,0,0,1,0,0,0,0,0,0,0,0,0,No,0,1,0,1,0,0,Country
12/09/2015,23.15.00,Yes,Struck Pedestrian,ANY MANOEUVRE INVOLVING PED NOT INCLUDED IN DCAs 100-108.,Yes,Dark Street lights unknown,No,T intersection,Other injury accident,50 km/hr,144.76611,-36.13947,CAMPASPE,NORTHERN REGION,2,1,0,0,1,1,1,0,0,0,0,1,0,0,1,0,0,0,0,0,No,0,1,0,0,0,0,Small Provincial Cities
19/09/2015,14.20.00,Yes,Collision with vehicle,RIGHT THROUGH,No,Day,Yes,Not at intersection,Serious injury accident,100 km/hr,144.70041,-36.14422,CAMPASPE,NORTHERN REGION,2,1,0,1,0,1,2,0,0,0,1,0,0,1,0,0,0,0,1,0,No,0,2,0,1,1,0,Country
20/09/2015,14.00.00,No,Collision with vehicle,CROSS TRAFFIC(INTERSECTIONS ONLY),No,Day,Yes,Cross intersection,Other injury accident,60 km/hr,144.75379,-36.12783,CAMPASPE,NORTHERN REGION,2,1,0,0,1,1,2,0,1,0,1,0,0,0,0,0,0,0,0,1,No,0,2,0,1,0,0,Small Provincial Cities
23/09/2015,13.45.00,No,Collision with vehicle,RIGHT NEAR (INTERSECTIONS ONLY),No,Day,No,T intersection,Other injury accident,80 km/hr,144.73119,-36.15517,CAMPASPE,NORTHERN REGION,2,1,0,0,1,1,0,2,0,0,2,0,0,0,0,0,0,0,1,0,No,0,2,0,2,0,0,Country
2/10/2015,15.15.00,No,Collision with vehicle,RIGHT REAR.,No,Day,Yes,T intersection,Other injury accident,100 km/hr,144.64338,-36.49766,CAMPASPE,NORTHERN REGION,11,4,0,0,4,7,7,4,0,9,2,0,0,0,0,0,0,0,0,0,No,0,2,0,2,0,0,Country
14/10/2015,17.40.00,No,Collision with vehicle,CROSS TRAFFIC(INTERSECTIONS ONLY),No,Dusk/Dawn,Yes,Cross intersection,Other injury accident,100 km/hr,144.53014,-36.37038,CAMPASPE,NORTHERN REGION,3,1,0,0,1,2,3,0,0,1,2,0,0,0,0,0,0,0,0,1,No,0,2,0,2,0,0,Country
16/10/2015,16.00.00,Yes,Struck Pedestrian,FAR SIDE. PED HIT BY VEHICLE FROM THE LEFT,No,Day,No,Not at intersection,Other injury accident,100 km/hr,144.61765,-36.2711,CAMPASPE,NORTHERN REGION,2,1,0,0,1,1,0,1,0,0,1,1,0,0,0,1,0,0,0,0,No,0,1,0,1,0,0,Country
26/10/2015,14.40.00,No,Collision with vehicle,REAR END(VEHICLES IN SAME LANE),No,Day,No,Not at intersection,Other injury accident,80 km/hr,145.07252,-36.31351,CAMPASPE,NORTHERN REGION,5,1,0,0,1,4,0,2,0,0,2,0,0,0,3,0,0,0,0,1,No,0,4,0,2,0,0,Country
26/10/2015,16.00.00,Yes,Collision with vehicle,RIGHT NEAR (INTERSECTIONS ONLY),No,Day,Yes,T intersection,Other injury accident,70 km/hr,144.73119,-36.15517,CAMPASPE,NORTHERN REGION,2,1,0,0,1,1,1,1,0,0,2,0,0,0,0,0,0,0,0,0,No,0,2,0,1,0,1,Country
27/10/2015,11.50.00,No,Collision with vehicle,REAR END(VEHICLES IN SAME LANE),No,Day,Yes,Not at intersection,Other injury accident,100 km/hr,144.83493,-36.59675,CAMPASPE,NORTHERN REGION,3,2,0,0,2,1,1,2,0,1,2,0,0,0,0,0,0,0,0,0,No,0,2,0,2,0,0,Country
30/10/2015,18.30.00,Yes,No collision and no object struck,OUT OF CONTROL ON CARRIAGEWAY (ON STRAIGHT),No,Dusk/Dawn,No,T intersection,Other injury accident,Not known,144.86854,-36.14044,CAMPASPE,NORTHERN REGION,1,1,0,0,1,0,1,0,0,0,0,0,0,1,0,0,0,0,0,0,No,0,1,0,0,1,0,Country
1/11/2015,21.45.00,Yes,Collision with a fixed object,OFF LEFT BEND INTO OBJECT/PARKED VEHICLE,No,Dark No street lights,Yes,T intersection,Other injury accident,80 km/hr,144.74298,-36.25872,CAMPASPE,NORTHERN REGION,4,1,0,0,1,3,2,2,0,3,1,0,0,0,0,0,0,0,0,1,No,0,1,0,1,0,0,Country
9/11/2015,08.45.00,No,Vehicle overturned (no collision),OFF CARRIAGEWAY TO LEFT,No,Day,Yes,Not at intersection,Other injury accident,100 km/hr,144.71434,-36.11947,CAMPASPE,NORTHERN REGION,1,1,0,0,1,0,1,0,0,0,1,0,0,0,0,0,0,0,0,0,No,0,1,0,1,0,0,Small Provincial Cities
15/11/2015,06.30.00,Yes,Vehicle overturned (no collision),OFF CARRIAGEWAY ON LEFT BEND,No,Dusk/Dawn,Yes,Not at intersection,Serious injury accident,100 km/hr,144.33495,-36.21143,CAMPASPE,NORTHERN REGION,1,1,0,1,0,0,0,1,0,0,1,0,0,0,0,0,0,0,0,0,No,0,1,0,1,0,0,Country
29/11/2015,18.55.00,Yes,Collision with a fixed object,LEFT OFF CARRIAGEWAY INTO OBJECT/PARKED VEHICLE,No,Day,Yes,T intersection,Other injury accident,60 km/hr,145.03326,-36.31352,CAMPASPE,NORTHERN REGION,1,1,0,0,1,0,0,1,0,0,1,0,0,0,0,0,0,0,0,1,No,0,1,0,1,0,0,Other Towns
1/12/2015,14.30.00,No,Struck animal,STRUCK ANIMAL,No,Day,No,Not at intersection,Other injury accident,80 km/hr,145.11353,-36.28401,CAMPASPE,NORTHERN REGION,1,1,0,0,1,0,1,0,0,0,1,0,0,0,0,0,0,0,0,0,No,0,1,0,1,0,0,Country